https://i.imgur.com/kizgv5O.jpg,49
https://i.imgur.com/U8DqJoJ.jpg,30
https://i.imgur.com/r6e4kQr.jpg,30
https://i.imgur.com/Zq7t1HV.jpg,36
https://i.imgur.com/kKQgRWZ.jpg,17
https://i.imgur.com/l0mHxrJ.jpg,36
https://i.imgur.com/5RMlR9j.jpg,22
https://i.imgur.com/Kn65Y2A.jpg,15
https://i.imgur.com/MSMm7Td.jpg,18
https://i.imgur.com/Yu4qHh5.jpg,100
https://i.imgur.com/Z3kEnLk.jpg,87
https://i.imgur.com/QCjbMku.jpg,3
https://i.imgur.com/16DH9Ie.jpg,3
https://i.imgur.com/bc4IRHn.jpg,13
https://i.imgur.com/qBXZd2S.jpg,24
https://i.imgur.com/LJURlrk.jpg,3
https://i.imgur.com/9rRevlZ.jpg,29
https://i.imgur.com/mSVBfKM.jpg,31
https://i.imgur.com/gmi1w5m.jpg,10
https://i.imgur.com/OZay1wl.jpg,74
https://i.imgur.com/8WSzwqN.jpg,76
https://i.imgur.com/WDRsi3S.jpg,40
https://i.imgur.com/UjHXDFj.jpg,7
https://i.imgur.com/QhcHG6Z.jpg,11
https://i.imgur.com/x6NFKVS.jpg,10
https://i.imgur.com/zvBXA1F.jpg,11
https://i.imgur.com/NEAsQZG.jpg,22
https://i.imgur.com/Dq71hyQ.jpg,21
https://i.imgur.com/mAIiT4f.jpg,27
https://i.imgur.com/dELZU97.jpg,19
https://i.imgur.com/Bso57JC.jpg,24
https://i.imgur.com/9DtcfXo.jpg,22
https://i.imgur.com/0R6eBfk.jpg,22
https://i.imgur.com/b0JpvbR.jpg,18
https://i.imgur.com/L8R1euY.jpg,5
https://i.imgur.com/TtgMgg3.jpg,1
https://i.imgur.com/Dvia8Do.jpg,31
https://i.imgur.com/vNozUQG.jpg,41
https://i.imgur.com/cwbKkaI.jpg,6
https://i.imgur.com/uP2c05U.jpg,29
https://i.imgur.com/7yxJD19.jpg,23
https://i.imgur.com/FpqlOJX.jpg,44
https://i.imgur.com/Gjfyz3J.jpg,23
https://i.imgur.com/mFzqg0r.jpg,6
https://i.imgur.com/7vNJ1xg.jpg,25
https://i.imgur.com/zrurqOM.jpg,23
https://i.imgur.com/EhZTBSz.jpg,20
https://i.imgur.com/jYUTR1e.jpg,18
https://i.imgur.com/Wywv237.jpg,1
https://i.imgur.com/5UoRD8p.jpg,5
https://i.imgur.com/5GD6CPp.jpg,5
https://i.imgur.com/ZTgWoPk.jpg,9
https://i.imgur.com/UzIebgc.jpg,10
https://i.imgur.com/cm1Dw2S.jpg,10
https://i.imgur.com/jNsqoQ9.jpg,8
https://i.imgur.com/5Mt5QZi.jpg,6
https://i.imgur.com/oBcmHYS.jpg,10
https://i.imgur.com/MsVDJgR.jpg,7
https://i.imgur.com/g2c4UeE.jpg,6
https://i.imgur.com/qCXQjmp.jpg,9
https://i.imgur.com/aQveFV5.jpg,1
https://i.imgur.com/Uc0wQGK.jpg,14
https://i.imgur.com/5oGX9ms.jpg,167
https://i.imgur.com/Rrblj27.jpg,7
https://i.imgur.com/FIy278l.jpg,3
https://i.imgur.com/CO1W2qj.jpg,108
https://i.imgur.com/XY3Gv2j.jpg,7
https://i.imgur.com/CV7FTLZ.jpg,15
https://i.imgur.com/h0kH2uy.jpg,17
https://i.imgur.com/JPpNJDh.jpg,273
https://i.imgur.com/sD8Nygb.jpg,16
https://i.imgur.com/5zeS9ba.jpg,20
https://i.imgur.com/IVXU3qU.jpg,20
https://i.imgur.com/mHZEFnq.jpg,20
https://i.imgur.com/Os886Y4.jpg,13
https://i.imgur.com/51By5tq.jpg,190
https://i.imgur.com/NmGLv7q.jpg,136
https://i.imgur.com/uYkk0Iy.jpg,6
https://i.imgur.com/956yPLw.jpg,4
https://i.imgur.com/UajsQ1V.jpg,4
https://i.imgur.com/PyOPcPa.jpg,9
https://i.imgur.com/Dbk8xCd.jpg,16
https://i.imgur.com/eCyIhT9.jpg,6
https://i.imgur.com/vJDNv8U.jpg,18
https://i.imgur.com/VgbqfNM.jpg,11
https://i.imgur.com/yHRDM2Z.jpg,46
https://i.imgur.com/Xzk6fWV.jpg,24
https://i.imgur.com/q8bFjcE.jpg,22
https://i.imgur.com/Q0EHGPC.jpg,3
https://i.imgur.com/zms5UiP.jpg,4
https://i.imgur.com/CeBD2K0.jpg,25
https://i.imgur.com/fONgz27.jpg,17
https://i.imgur.com/se79puU.jpg,20
https://i.imgur.com/U0kjgkp.jpg,5
https://i.imgur.com/THbnGX7.jpg,5
https://i.imgur.com/ctcJWZh.jpg,5
https://i.imgur.com/3eifUfy.jpg,7
https://i.imgur.com/8r8URQB.jpg,7
https://i.imgur.com/YIOLaaH.jpg,5
https://i.imgur.com/PduFJqu.jpg,3
https://i.imgur.com/K3Xx4M7.jpg,3
https://i.imgur.com/7dGf6PR.jpg,3
https://i.imgur.com/DASD39i.jpg,1
https://i.imgur.com/BBF3H4P.jpg,22
https://i.imgur.com/eTIY57l.jpg,5
https://i.imgur.com/KVFbhuz.jpg,18
https://i.imgur.com/IOOCDQj.jpg,1
https://i.imgur.com/SZmbQE8.jpg,1
https://i.imgur.com/PPYctK8.jpg,4
https://i.imgur.com/Gtq3Kzd.jpg,78
https://i.imgur.com/pckmQHM.jpg,24
https://i.imgur.com/0Q16Jso.jpg,17
https://i.imgur.com/IA1UBOL.jpg,18
https://i.imgur.com/ef1HZiO.jpg,9
https://i.imgur.com/wms5sVy.jpg,5
https://i.imgur.com/phHB97B.jpg,7
https://i.imgur.com/lXLJLW8.jpg,3
https://i.imgur.com/mLoPm3H.jpg,5
https://i.imgur.com/b5xkh7e.jpg,5
https://i.imgur.com/yTw7HbA.jpg,3
https://i.imgur.com/6wZyBF8.jpg,6
https://i.imgur.com/5A41uuZ.jpg,4
https://i.imgur.com/bh5VoY0.jpg,4
https://i.imgur.com/ed48lPg.jpg,131
https://i.imgur.com/fw4vyYU.jpg,15
https://i.imgur.com/hbtHdCv.jpg,5
https://i.imgur.com/g5W41j0.jpg,11
https://i.imgur.com/tKzPMFI.jpg,16
https://i.imgur.com/G5J8p2K.jpg,19
https://i.imgur.com/PZhbJxX.jpg,18
https://i.imgur.com/BSiI8ja.jpg,10
https://i.imgur.com/f59sSXy.jpg,10
https://i.imgur.com/un3WkJN.jpg,17
https://i.imgur.com/Y8oghb0.jpg,5
https://i.imgur.com/qO5BbVw.jpg,5
https://i.imgur.com/XKJSJsz.jpg,17
https://i.imgur.com/QYQKAmj.jpg,7
https://i.imgur.com/5MpdQGp.jpg,6
https://i.imgur.com/HQqcOmY.jpg,15
https://i.imgur.com/Ny6hyXs.jpg,5
https://i.imgur.com/7CdhkBY.jpg,8
https://i.imgur.com/Aqba8Wo.jpg,65
https://i.imgur.com/cUBD0Fb.jpg,11
https://i.imgur.com/nUDH8cw.jpg,18
https://i.imgur.com/ENpqvdz.jpg,14
https://i.imgur.com/bWyRCze.jpg,11
https://i.imgur.com/xispc7N.jpg,18
https://i.imgur.com/tpxRCou.jpg,16
https://i.imgur.com/mt3UDEr.jpg,10
https://i.imgur.com/waZoziA.jpg,5
https://i.imgur.com/8cWuLCu.jpg,14
https://i.imgur.com/gkrVezh.jpg,17
https://i.imgur.com/NReKYiY.jpg,11
https://i.imgur.com/RQweE15.jpg,14
https://i.imgur.com/YwTE8EL.jpg,15
https://i.imgur.com/tY4ACcA.jpg,17
https://i.imgur.com/5nRavjj.jpg,21
https://i.imgur.com/OYzOMKJ.jpg,2
https://i.imgur.com/v3EUXnM.jpg,26
https://i.imgur.com/UWyfrMw.jpg,14
https://i.imgur.com/cULpKRX.jpg,17
https://i.imgur.com/MU2QU0c.jpg,1
https://i.imgur.com/WnmlAVA.jpg,9
https://i.imgur.com/HayejVU.jpg,669
https://i.imgur.com/UeRF589.jpg,7
https://i.imgur.com/TDDbTVnh.jpg,48
https://i.imgur.com/R5Puwfg.jpg,1043
https://i.imgur.com/zOaa3QY.jpg,12
https://i.imgur.com/auq8iLT.jpg,11
https://i.imgur.com/FmT8wCM.jpg,24
https://i.imgur.com/rwrBZDh.jpg,10
https://i.imgur.com/JO4IBfJ.jpg,16
https://i.imgur.com/RuCLMu0.jpg,19
https://i.imgur.com/jm032gD.jpg,10
https://i.imgur.com/GS5SuGJ.jpg,11
https://i.imgur.com/QOAo5c2.jpg,7
https://i.imgur.com/zGbkpcn.jpg,7
https://i.imgur.com/NuESSkO.jpg,7
https://i.imgur.com/AuUGUGo.jpg,13
https://i.imgur.com/Es93d2O.jpg,8
https://i.imgur.com/K1zlJcJ.jpg,17
https://i.imgur.com/RAQImPH.jpg,3
https://i.imgur.com/ie8DKES.jpg,4
https://i.imgur.com/e2FIt1j.jpg,45
https://i.imgur.com/CmO8Bwy.jpg,6
https://i.imgur.com/x9CPt1S.jpg,4
https://i.imgur.com/cbqQqkT.jpg,28
https://i.imgur.com/S0XEIS4.jpg,7
https://i.imgur.com/tGdtJkS.jpg,15
https://i.imgur.com/SYulp5w.jpg,11
https://i.imgur.com/JbmKxZ6.jpg,23
https://i.imgur.com/GVj3kVL.jpg,8
https://i.imgur.com/1gPyuGy.jpg,13
https://i.imgur.com/4zrh5z0.jpg,21
https://i.imgur.com/XFmcJxF.jpg,9
https://i.imgur.com/zeUx63m.jpg,24
https://i.imgur.com/C9ySfMA.jpg,13
https://i.imgur.com/ZPRoaOj.jpg,12
https://i.imgur.com/0iS0lLd.jpg,16
https://i.imgur.com/Yq0Qnmb.jpg,16
https://i.imgur.com/5iFB8cM.jpg,11
https://i.imgur.com/wmRLwlG.jpg,12
https://i.imgur.com/WTkuvg9.jpg,14
https://i.imgur.com/5pLZ3Dz.jpg,20
https://i.imgur.com/mwlcgYy.jpg,12
https://i.imgur.com/Jt9xNzJ.jpg,15
https://i.imgur.com/mdUiGtr.jpg,17
https://i.imgur.com/ywaPVWE.jpg,11
https://i.imgur.com/sGzEcJu.jpg,12
https://i.imgur.com/fqSEEzW.jpg,9
https://i.imgur.com/hoMRN08.jpg,9
https://i.imgur.com/sILB8Vj.jpg,13
https://i.imgur.com/RAINowQ.jpg,7
https://i.imgur.com/vr0My0Z.jpg,17
https://i.imgur.com/jOBVnrL.jpg,3
https://i.imgur.com/vC6BNGV.jpg,13
https://i.imgur.com/CweNe3r.jpg,68
https://i.imgur.com/35p4Nob.jpg,9
https://i.imgur.com/rBmWWmm.jpg,7
https://i.imgur.com/KV0Xv5k.jpg,8
https://i.imgur.com/GGFAtpO.jpg,22
https://i.imgur.com/hVsmwL5.jpg,14
https://i.imgur.com/vnxwNfx.jpg,23
https://i.imgur.com/JZLeSat.jpg,184
https://i.imgur.com/kJR1pM0.jpg,7
https://i.imgur.com/Vo9UICh.jpg,9
https://i.imgur.com/Mh16vIa.jpg,10
https://i.imgur.com/mRB3Yff.jpg,13
https://i.imgur.com/FLVwMht.jpg,25
https://i.imgur.com/SutPQIv.jpg,6
https://i.imgur.com/t3wHk6J.jpg,11
https://i.imgur.com/EKZ2Gqq.jpg,70
https://i.imgur.com/WLJufLH.jpg,16
https://i.imgur.com/zg50ZHK.jpg,14
https://i.imgur.com/oDnNmTD.jpg,16
https://i.imgur.com/pKizLnH.jpg,18
https://i.imgur.com/eszbZ6I.jpg,14
https://i.imgur.com/4ciuS63.jpg,8
https://i.imgur.com/pJ36Bsn.jpg,16
https://i.imgur.com/FFpAm1I.jpg,10
https://i.imgur.com/h3LS8RU.jpg,5
https://i.imgur.com/7ZFYrcq.jpg,64
https://i.imgur.com/279FUVj.jpg,38
https://i.imgur.com/4zdBRxq.jpg,43
https://i.imgur.com/YyzT9kJ.jpg,3
https://i.imgur.com/NzK5i8M.jpg,24
https://i.imgur.com/IsXoLly.jpg,33
https://i.imgur.com/QLB5cD6.jpg,6
https://i.imgur.com/6BYL50R.jpg,20
https://i.imgur.com/fZcY3n4.jpg,57
https://i.imgur.com/FTVMxDA.jpg,20
https://i.imgur.com/PrlMvOs.jpg,27
https://i.imgur.com/4VghucO.jpg,15
https://i.imgur.com/PGLD1Ls.jpg,4
https://i.imgur.com/ZJbNsGa.jpg,9
https://i.imgur.com/Ou4Qy8F.jpg,4
https://i.imgur.com/xjnhszR.jpg,5
https://i.imgur.com/2jg8YpD.jpg,6
https://i.imgur.com/SCzGPAB.jpg,20
https://i.imgur.com/TmP1DjE.jpg,11
https://i.imgur.com/T0JDYyj.jpg,12
https://i.imgur.com/giCvVXV.jpg,5
https://i.imgur.com/W92aUeh.jpg,7
https://i.imgur.com/82MC19k.jpg,8
https://i.imgur.com/3z08RUi.jpg,11
https://i.imgur.com/3m4KFDQ.jpg,362
https://i.imgur.com/hrqsCHW.jpg,2
https://i.imgur.com/Km9GHN9.jpg,22
https://i.imgur.com/maaGKpr.jpg,17
https://i.imgur.com/rXehKAv.jpg,13
https://i.imgur.com/hH5sJX5.jpg,6
https://i.imgur.com/OyS0qiO.jpg,4
https://i.imgur.com/mEUj8tn.jpg,2
https://i.imgur.com/gerOzEN.jpg,5
https://i.imgur.com/WelBARQ.jpg,3
https://i.imgur.com/DCVhOXC.jpg,4
https://i.imgur.com/tBBwmf2.jpg,5
https://i.imgur.com/1KczuBp.jpg,5
https://i.imgur.com/dMu1abs.jpg,3
https://i.imgur.com/FaTkSHW.jpg,9
https://i.imgur.com/JZvqEBM.jpg,12
https://i.imgur.com/gDXwJIy.jpg,9
https://i.imgur.com/0tLPnYO.jpg,14
https://i.imgur.com/YNnYsQe.jpg,16
https://i.imgur.com/Fd0DHDj.jpg,12
https://i.imgur.com/fPz88kw.jpg,14
https://i.imgur.com/M0l6fyx.jpg,13
https://i.imgur.com/txYtNMx.jpg,13
https://i.imgur.com/hgVBUFi.jpg,87
https://i.imgur.com/ip4IPeu.jpg,87
https://i.imgur.com/1SLde2s.jpg,87
https://i.imgur.com/YWRRjTI.jpg,18
https://i.imgur.com/EBrwmOh.jpg,23
https://i.imgur.com/VoC1SY6.jpg,22
https://i.imgur.com/vE5fIdH.jpg,7
https://i.imgur.com/OxYC2Za.jpg,12
https://i.imgur.com/gneWJhC.jpg,5
https://i.imgur.com/owK2ejH.jpg,21
https://i.imgur.com/qYl4iuF.jpg,33
https://i.imgur.com/YpjBygT.jpg,4
https://i.imgur.com/7XYiww8.jpg,16
https://i.imgur.com/OwJcWel.jpg,6
https://i.imgur.com/LKIEyiv.jpg,9
https://i.imgur.com/YaVJbfK.jpg,4
https://i.imgur.com/E5u1dDB.jpg,4
https://i.imgur.com/G1ppDAy.jpg,6
https://i.imgur.com/QdH0WZZ.jpg,8
https://i.imgur.com/7aongCu.jpg,19
https://i.imgur.com/UrnIGtO.jpg,20
https://i.imgur.com/gVeVSLz.jpg,6
https://i.imgur.com/ffImOlZ.jpg,29
https://i.imgur.com/1qbBCiz.jpg,14
https://i.imgur.com/DTUIA5f.jpg,84
https://i.imgur.com/0adwMh8.jpg,6
https://i.imgur.com/duvflc3.jpg,6
https://i.imgur.com/R1W21RK.jpg,23
https://i.imgur.com/QHQb3j8.jpg,51
https://i.imgur.com/1Bf8VWD.jpg,2
https://i.imgur.com/NsRb42s.jpg,4
https://i.imgur.com/ozHQ8kR.jpg,7
https://i.imgur.com/kMTaylQ.jpg,17
https://i.imgur.com/LlCLNKp.jpg,12
https://i.imgur.com/uiGbcfW.jpg,14
https://i.imgur.com/JDUT428.jpg,28
https://i.imgur.com/JaCaMB6.jpg,11
https://i.imgur.com/2sEXVoK.jpg,3
https://i.imgur.com/CjgEM3Z.jpg,17
https://i.imgur.com/i8oReTC.jpg,7
https://i.imgur.com/WCe2tW6.jpg,15
https://i.imgur.com/aLDFY0X.jpg,24
https://i.imgur.com/uk8pwSY.jpg,17
https://i.imgur.com/9PICfVX.jpg,10
https://i.imgur.com/7DTZ33S.jpg,11
https://i.imgur.com/YVBmpW0.jpg,8
https://i.imgur.com/u3ULn4C.jpg,32
https://i.imgur.com/DMnzm3b.jpg,16
https://i.imgur.com/xZov6Wy.jpg,10
https://i.imgur.com/IZcpELO.jpg,8
https://i.imgur.com/m2jOIkX.jpg,9
https://i.imgur.com/8BqsLRg.jpg,27
https://i.imgur.com/CtHqWIr.jpg,2
https://i.imgur.com/NPhgmHk.jpg,2
https://i.imgur.com/krJ8iVc.jpg,6
https://i.imgur.com/iro8OEg.jpg,2
https://i.imgur.com/U2PkwA7.jpg,72
https://i.imgur.com/4SKbeSR.jpg,77
https://i.imgur.com/4x71grr.jpg,76
https://i.imgur.com/WEVUZUZ.jpg,14
https://i.imgur.com/Sus0eSu.jpg,17
https://i.imgur.com/GVlzQyL.jpg,18
https://i.imgur.com/YZM676h.jpg,74
https://i.imgur.com/AmExZrX.jpg,69
https://i.imgur.com/QqToTLQ.jpg,77
https://i.imgur.com/GKwUPcX.jpg,4
https://i.imgur.com/d9EGLLr.jpg,6
https://i.imgur.com/Z72cYbR.jpg,14
https://i.imgur.com/LDrK8Go.jpg,3
https://i.imgur.com/ALBiR4i.jpg,2
https://i.imgur.com/pTwKqyS.jpg,6
https://i.imgur.com/QyUmX9C.jpg,21
https://i.imgur.com/TgUhHgH.jpg,55
https://i.imgur.com/tVq69Kh.jpg,42
https://i.imgur.com/m6D2Js5.jpg,39
https://i.imgur.com/x67ueEO.jpg,49
https://i.imgur.com/vUROrgW.jpg,14
https://i.imgur.com/HUNpKmd.jpg,14
https://i.imgur.com/HR2aoFA.jpg,8
https://i.imgur.com/l7PNL6k.jpg,8
https://i.imgur.com/T6NCl9U.jpg,20
https://i.imgur.com/ecLMc15.jpg,10
https://i.imgur.com/LAKVCXj.jpg,12
https://i.imgur.com/lAqOoFP.jpg,13
https://i.imgur.com/WVeSQ0t.jpg,5
https://i.imgur.com/5wxpJfb.jpg,22
https://i.imgur.com/kkDN9kbl.jpg,92
https://i.imgur.com/Zv5xmP6.jpg,8
https://i.imgur.com/0hBS9BD.jpg,27
https://i.imgur.com/Rq9an23.jpg,16
https://i.imgur.com/b6jZQpR.jpg,3
https://i.imgur.com/YBqV09C.jpg,11
https://i.imgur.com/ClZj1x0.jpg,9
https://i.imgur.com/g0nJ7Up.jpg,8
https://i.imgur.com/RHFxRC3.jpg,8
https://i.imgur.com/GXl0W7J.jpg,17
https://i.imgur.com/9LKGvO5.jpg,12
https://i.imgur.com/egHGr9m.jpg,10
https://i.imgur.com/yWJ9TiU.jpg,8
https://i.imgur.com/0J9wE87.jpg,20
https://i.imgur.com/88gPrmR.jpg,14
https://i.imgur.com/4RSqXz8.jpg,9
https://i.imgur.com/mg0Q1Yv.jpg,54
https://i.imgur.com/K3hRxj5.jpg,10
https://i.imgur.com/DemBCfS.jpg,9
https://i.imgur.com/vH8Z6jc.jpg,6
https://i.imgur.com/5J5rBce.jpg,11
https://i.imgur.com/ke9vfyF.jpg,6
https://i.imgur.com/tk57eaU.jpg,11
https://i.imgur.com/6Th8GML.jpg,12
https://i.imgur.com/UpEMwoH.jpg,3
https://i.imgur.com/XLT3fSV.jpg,12
https://i.imgur.com/GIITKwA.jpg,22
https://i.imgur.com/uvLNxGw.jpg,21
https://i.imgur.com/TzdkpXT.jpg,21
https://i.imgur.com/73MIQrc.jpg,18
https://i.imgur.com/FJlJuo8.jpg,17
https://i.imgur.com/2FEx3j8.jpg,16
https://i.imgur.com/GCqJ4x4.jpg,15
https://i.imgur.com/uf5LqD7.jpg,6
https://i.imgur.com/61CYFhz.jpg,16
https://i.imgur.com/Mce7YVs.jpg,4
https://i.imgur.com/noJsbvw.jpg,2
https://i.imgur.com/rBEtYhF.jpg,6
https://i.imgur.com/rASZduh.jpg,4
https://i.imgur.com/jWciUcs.jpg,4
https://i.imgur.com/5yLnx3w.jpg,18
https://i.imgur.com/qnz805V.jpg,5
https://i.imgur.com/a1gCPl1.jpg,8
https://i.imgur.com/EiWttFm.jpg,19
https://i.imgur.com/1c522yW.jpg,17
https://i.imgur.com/1Z47zkt.jpg,20
https://i.imgur.com/C4xMESC.jpg,16
https://i.imgur.com/cOfwWTj.jpg,27
https://i.imgur.com/RliQdyi.jpg,37
https://i.imgur.com/IeKHahz.jpg,38
https://i.imgur.com/1K0IORH.jpg,38
https://i.imgur.com/jojP09s.jpg,37
https://i.imgur.com/DK6kT51.jpg,46
https://i.imgur.com/RizbGM1.jpg,37
https://i.imgur.com/hyoY6Cl.jpg,38
https://i.imgur.com/xDd7Wrq.jpg,27
https://i.imgur.com/R70OdMM.jpg,5
https://i.imgur.com/cDDHDCN.jpg,40
https://i.imgur.com/vdJ5eAM.jpg,18
https://i.imgur.com/63Xt54j.jpg,22
https://i.imgur.com/CZz3Ib8.jpg,18
https://i.imgur.com/PUnaCBk.jpg,20
https://i.imgur.com/CVcSO9S.jpg,22
https://i.imgur.com/4B4o3lq.jpg,18
https://i.imgur.com/MqX307C.jpg,36
https://i.imgur.com/GKeQSyX.jpg,14
https://i.imgur.com/whDbEiv.jpg,4
https://i.imgur.com/BRZVsVY.jpg,20
https://i.imgur.com/1CG7TLZ.jpg,55
https://i.imgur.com/aQ9X4Zn.jpg,35
https://i.imgur.com/x67mpfs.jpg,21
https://i.imgur.com/4udnJKO.jpg,11
https://i.imgur.com/o271MEo.jpg,10
https://i.imgur.com/iWMIOUQ.jpg,10
https://i.imgur.com/wxMiTCr.jpg,18
https://i.imgur.com/gJ64ep1.jpg,8
https://i.imgur.com/RefMnRX.jpg,9
https://i.imgur.com/DPL6FvK.jpg,8
https://i.imgur.com/16oxZvq.jpg,13
https://i.imgur.com/Sn2ShNb.jpg,8
https://i.imgur.com/C3lHMjb.jpg,4
https://i.imgur.com/lesbbkc.jpg,16
https://i.imgur.com/iQvJvjc.jpg,20
https://i.imgur.com/F1RcTs9.jpg,23
https://i.imgur.com/LQBSkzx.jpg,4
https://i.imgur.com/rBZaEir.jpg,24
https://i.imgur.com/TpFZyRP.jpg,13
https://i.imgur.com/6zCGvZf.jpg,12
https://i.imgur.com/bVXQDz0.jpg,6
https://i.imgur.com/zDj0HKY.jpg,7
https://i.imgur.com/2ws2aCW.jpg,6
https://i.imgur.com/XdisaTG.jpg,5
https://i.imgur.com/gcyuOa8.jpg,44
https://i.imgur.com/R1SfM8P.jpg,24
https://i.imgur.com/fGLoQK5.jpg,59
https://i.imgur.com/uv551Ft.jpg,11
https://i.imgur.com/YUUHXDD.jpg,12
https://i.imgur.com/ethPFvC.jpg,8
https://i.imgur.com/QfifWJ7.jpg,5
https://i.imgur.com/s3mNoL5.jpg,32
https://i.imgur.com/unK8WG0.jpg,4
https://i.imgur.com/MANuZ8R.jpg,4
https://i.imgur.com/7V3eCeh.jpg,19
https://i.imgur.com/W6Qzq3Y.jpg,4
https://i.imgur.com/cnXAZrY.jpg,4
https://i.imgur.com/I8CMcsN.jpg,4
https://i.imgur.com/1WdJKiN.jpg,29
https://i.imgur.com/wlmVCRN.jpg,10
https://i.imgur.com/R9EX6u3.jpg,45
https://i.imgur.com/D93FCzc.jpg,18
https://i.imgur.com/G5lz3Pr.jpg,32
https://i.imgur.com/BVrvhPp.jpg,2